-- Question 1

CREATE TABLE ProductDetail (
OrderID INT,
CustomerName VARCHAR(100),
Products VARCHAR(255)
);

-- Insert the provided data
INSERT INTO ProductDetail (OrderID, CustomerName, Products) VALUES
(101, 'John Doe', 'Laptop, Mouse'),
(102, 'Jane Smith', 'Tablet, Keyboard, Mouse'),
(103, 'Emily Clark', 'Phone');

-- Achieving 1NF
CREATE TABLE ProductDetail_1NF (
    OrderID INT,
    CustomerName VARCHAR(100),
    Product VARCHAR(100)
);

-- Insert each product separately
INSERT INTO ProductDetail_1NF (OrderID, CustomerName, Product) VALUES
(101, 'John Doe', 'Laptop'),
(101, 'John Doe', 'Mouse'),
(102, 'Jane Smith', 'Tablet'),
(102, 'Jane Smith', 'Keyboard'),
(102, 'Jane Smith', 'Mouse'),
(103, 'Emily Clark', 'Phone');

-- Table 1: Orders (removes partial dependency)
CREATE TABLE Orders (
    OrderID INT PRIMARY KEY,
    CustomerName VARCHAR(100)
);

INSERT INTO Orders (OrderID, CustomerName) VALUES
(101, 'John Doe'),
(102, 'Jane Smith'),
(103, 'Emily Clark');

-- Table 2: OrderItems (only product-related data)
CREATE TABLE OrderItems (
    OrderID INT,
    Product VARCHAR(50),
    Quantity INT,
    FOREIGN KEY (OrderID) REFERENCES Orders(OrderID)
);

INSERT INTO OrderItems (OrderID, Product, Quantity) VALUES
(101, 'Laptop', 2),
(101, 'Mouse', 1),
(102, 'Tablet', 3),
(102, 'Keyboard', 1),
(102, 'Mouse', 2),
(103, 'Phone', 1);


-- Question 2: Achieving 2NF
-- Create Orders table
CREATE TABLE Orders (
    OrderID INT PRIMARY KEY,
    CustomerName VARCHAR(100)
);

-- Create OrderProducts table
CREATE TABLE OrderProducts (
    OrderProductID INT AUTO_INCREMENT PRIMARY KEY,
    OrderID INT,
    Product VARCHAR(100),
    Quantity INT,
    FOREIGN KEY (OrderID) REFERENCES Orders(OrderID)
);

-- Insert data into Orders
INSERT INTO Orders (OrderID, CustomerName) VALUES
(101, 'John Doe'),
(102, 'Jane Smith'),
(103, 'Emily Clark');

-- Insert data into OrderProducts
INSERT INTO OrderProducts (OrderID, Product, Quantity) VALUES
(101, 'Laptop', 2),
(101, 'Mouse', 1),
(102, 'Tablet', 3),
(102, 'Keyboard', 1),
(102, 'Mouse', 2),
(103, 'Phone', 1);

-- Table 1: Orders (removes partial dependency)
CREATE TABLE Orders (
    OrderID INT PRIMARY KEY,
    CustomerName VARCHAR(100)
);

INSERT INTO Orders (OrderID, CustomerName) VALUES
(101, 'John Doe'),
(102, 'Jane Smith'),
(103, 'Emily Clark');

-- Table 2: OrderItems (only product-related data)
CREATE TABLE OrderItems (
    OrderID INT,
    Product VARCHAR(50),
    Quantity INT,
    FOREIGN KEY (OrderID) REFERENCES Orders(OrderID)
);

INSERT INTO OrderItems (OrderID, Product, Quantity) VALUES
(101, 'Laptop', 2),
(101, 'Mouse', 1),
(102, 'Tablet', 3),
(102, 'Keyboard', 1),
(102, 'Mouse', 2),
(103, 'Phone', 1);

